{"stats":{"minecraft:custom":{"minecraft:time_since_rest":913,"minecraft:sprint_one_cm":6154,"minecraft:damage_taken":280,"minecraft:walk_one_cm":22132,"minecraft:mob_kills":8,"minecraft:damage_dealt":484,"minecraft:interact_with_crafting_table":1,"minecraft:fly_one_cm":41272,"minecraft:crouch_one_cm":3421,"minecraft:play_time":19715,"minecraft:deaths":1,"minecraft:interact_with_campfire":2,"minecraft:sneak_time":1551,"minecraft:jump":77,"minecraft:interact_with_blast_furnace":3,"minecraft:leave_game":1,"minecraft:time_since_death":822,"minecraft:total_world_time":19715,"minecraft:fall_one_cm":3647},"minecraft:killed":{"minecraft:zombie":8},"minecraft:picked_up":{"minecraft:charcoal":65,"minecraft:crafting_table":1,"minecraft:raw_iron":2,"minecraft:andesite":8,"minecraft:blast_furnace":1,"minecraft:spruce_log":2,"minecraft:dirt":5,"minecraft:mossy_cobblestone":1,"minecraft:raw_copper":43,"minecraft:rotten_flesh":4,"kubejs:hierrocomestible_one":2,"minecraft:granite":3,"minecraft:azalea":2,"minecraft:moss_block":5,"minecraft:cobblestone":38},"minecraft:mined":{"minecraft:podzol":1,"minecraft:mossy_cobblestone":1,"minecraft:spruce_log":2,"minecraft:andesite":8,"minecraft:crafting_table":1,"minecraft:granite":3,"minecraft:blast_furnace":1,"minecraft:deepslate_iron_ore":2,"minecraft:campfire":1,"minecraft:dirt":4,"minecraft:copper_ore":11,"minecraft:azalea":2,"minecraft:stone":38,"minecraft:moss_block":6,"minecraft:fern":2},"minecraft:crafted":{"kubejs:hierrocomestible_two":1,"minecraft:crafting_table":1,"minecraft:spruce_planks":8,"minecraft:iron_ingot":2,"lrarmor:chemical_protective_chestplate":1,"minecraft:air":0},"minecraft:killed_by":{"minecraft:zombie":1},"minecraft:used":{"minecraft:diamond_pickaxe":86,"minecraft:torch":1,"minecraft:mossy_cobblestone":1,"minecraft:dirt":3,"minecraft:crafting_table":1,"lrarmor:chemical_protective_chestplate":1,"minecraft:blast_furnace":1,"minecraft:campfire":1}},"DataVersion":3465}