{"stats":{"minecraft:dropped":{"kubejs:blueblueprint":1,"lrarmor:sniper_leggings":1,"tacz:modern_kinetic_gun":11,"kubejs:blueprint":1,"lrarmor:sniper_boots":1,"kubejs:teidorite_raw":1,"lrarmor:sniper_chestplate":1,"ftbquests:book":2,"lrarmor:atf_helmet":1,"tacz:attachment":7},"minecraft:mined":{"kubejs:teidorite_ore":2},"minecraft:picked_up":{"minecraft:spider_eye":2,"minecraft:string":7,"mutantmonsters:hulk_hammer":1,"minecraft:light_gray_concrete":57,"minecraft:rotten_flesh":52,"kubejs:teidorite_raw":5,"minecraft:wheat_seeds":7,"minecraft:iron_ingot":1,"minecraft:calcite":1},"minecraft:killed":{"minecraft:husk":9,"minecraft:zombie":48,"minecraft:spider":8,"minecraft:drowned":1,"mutantmonsters:mutant_zombie":2},"minecraft:custom":{"minecraft:time_since_rest":318708,"minecraft:sprint_one_cm":166459,"minecraft:damage_taken":260,"minecraft:walk_one_cm":641703,"minecraft:mob_kills":68,"minecraft:drop":27,"minecraft:damage_dealt":2386,"minecraft:fly_one_cm":3019125,"minecraft:player_kills":1,"minecraft:crouch_one_cm":16553,"minecraft:play_time":319764,"minecraft:interact_with_campfire":4,"minecraft:deaths":2,"minecraft:sneak_time":8750,"minecraft:walk_under_water_one_cm":1595,"minecraft:jump":570,"minecraft:leave_game":1,"minecraft:time_since_death":318680,"minecraft:walk_on_water_one_cm":1434,"minecraft:total_world_time":341603,"minecraft:fall_one_cm":2190},"minecraft:used":{"horror_element_mod:cursed_painting":2,"minecraft:redstone_torch":8,"kubejs:dropbox":1,"minecraft:glass":29,"minecraft:netherite_sword":23,"horror_element_mod:dead_experiment":1,"automobility:steep_slope":24,"minecraft:diamond_pickaxe":2,"minecraft:black_concrete":5,"minecraft:iron_bars":189,"automobility:dash_panel":8,"minecraft:dirt_path":26,"minecraft:flint_and_steel":1,"minecraft:light_gray_concrete":44,"horror_element_mod:impaled_soldier":1,"minecraft:lantern":4,"minecraft:grass_block":19,"minecraft:iron_pickaxe":1,"minecraft:polished_andesite_stairs":66,"minecraft:cactus":2,"mutantmonsters:endersoul_hand":2,"minecraft:stone_slab":17,"minecraft:stone":488,"minecraft:zombie_spawn_egg":32,"minecraft:oak_pressure_plate":1,"minecraft:smooth_quartz":339,"minecraft:polished_andesite_slab":6,"minecraft:stone_bricks":6,"minecraft:conduit":1,"kubejs:teidorite_ore":5,"mutantmonsters:mutant_zombie_spawn_egg":2,"minecraft:sand":8,"minecraft:yellow_terracotta":1,"minecraft:tnt":1,"mutantmonsters:hulk_hammer":2,"minecraft:campfire":1,"minecraft:andesite":1,"minecraft:chain":9,"minecraft:smooth_stone_slab":22,"minecraft:white_concrete":16,"minecraft:smooth_stone":7,"minecraft:light_gray_bed":7,"minecraft:splash_potion":1,"minecraft:soul_torch":6,"minecraft:spider_spawn_egg":2}},"DataVersion":3465}