{"stats":{"minecraft:dropped":{"minecraft:potato":2,"minecraft:crafting_table":1,"tacz:modern_kinetic_gun":3,"minecraft:calcite":1,"minecraft:grass_block":1},"minecraft:mined":{"kubejs:teidorite_ore":5},"minecraft:killed":{"minecraft:husk":6,"minecraft:zombie":50,"minecraft:spider":5,"minecraft:drowned":1,"mutantmonsters:mutant_zombie":1},"minecraft:picked_up":{"lrarmor:sniper_chestplate":1,"kubejs:blueprint":1,"lrarmor:atf_helmet":1,"lrarmor:sniper_boots":1,"minecraft:potato":2,"tacz:attachment":7,"kubejs:blueblueprint":1,"minecraft:grass_block":1,"minecraft:carrot":1,"minecraft:string":2,"lrarmor:sniper_leggings":1,"mutantmonsters:hulk_hammer":1,"minecraft:rotten_flesh":42,"tacz:modern_kinetic_gun":14,"kubejs:teidorite_raw":6,"ftbquests:book":2,"minecraft:iron_ingot":1,"kubejs:hierrocomestible_one":4},"minecraft:used":{"horror_element_mod:dead_experiment":1,"minecraft:diamond_pickaxe":5,"kubejs:salchicha_cooked":1,"minecraft:light_gray_concrete":7,"horror_element_mod:severed_hand":1,"minecraft:grass_block":1,"horror_element_mod:scarecrow_farmer":1,"kubejs:un_pancho":1,"mutantmonsters:endersoul_hand":4,"minecraft:stone":2,"kubejs:hierrocomestible_one":3,"minecraft:cracked_stone_bricks":1,"kubejs:teidorite_ore":17,"lrarmor:sniper_chestplate":1,"mutantmonsters:hulk_hammer":9,"minecraft:crafting_table":1,"horror_element_mod:green_blood_2":1,"horror_element_mod:steve_head":1,"kubejs:salchicha":1,"minecraft:white_concrete":1,"minecraft:milk_bucket":1},"minecraft:custom":{"minecraft:time_since_rest":72207,"minecraft:sprint_one_cm":26535,"minecraft:damage_taken":173,"minecraft:walk_one_cm":103709,"minecraft:mob_kills":63,"minecraft:drop":7,"minecraft:damage_dealt":44,"minecraft:swim_one_cm":2374,"minecraft:interact_with_crafting_table":2,"minecraft:fly_one_cm":262006,"minecraft:crouch_one_cm":2321,"minecraft:play_time":72502,"minecraft:deaths":1,"minecraft:sneak_time":1976,"minecraft:walk_under_water_one_cm":1815,"minecraft:jump":187,"minecraft:leave_game":1,"minecraft:time_since_death":70347,"minecraft:walk_on_water_one_cm":860,"minecraft:total_world_time":72502,"minecraft:fall_one_cm":819},"minecraft:killed_by":{"minecraft:player":1}},"DataVersion":3465}